{"score": 0.9671502913197519, "_runtime": 530, "_timestamp": 1631177368, "_step": 86, "loss_tok2vec": 0.0, "loss_textcat": 2.001311722765612, "token_acc": 1.0, "token_p": 1.0, "token_r": 1.0, "token_f": 1.0, "cats_score": 0.9671502913197519, "cats_score_desc": "macro F", "cats_micro_p": 0.978494623655914, "cats_micro_r": 0.959915611814346, "cats_micro_f": 0.9691160809371673, "cats_macro_p": 0.977704889685186, "cats_macro_r": 0.9570745973481695, "cats_macro_f": 0.9671502913197519, "cats_macro_auc": 0.9976507310602537, "cats_f_per_type": {"tech": {"p": 0.9746835443037974, "r": 0.9808917197452229, "f": 0.9777777777777777}, "sport": {"p": 0.9741379310344828, "r": 0.9262295081967213, "f": 0.9495798319327732}, "entertainment": {"p": 0.9842931937172775, "r": 0.9641025641025641, "f": 0.9740932642487047}}, "cats_auc_per_type": {"tech": 0.9970463541562016, "sport": 0.9989754098360656, "entertainment": 0.9969304291884937}, "speed": 29848.730624339074, "_wandb": {"runtime": 530}}