{"score": 0.9532178344347164, "_runtime": 385, "_timestamp": 1631180938, "_step": 50, "loss_tok2vec": 0.0, "loss_textcat": 3.7037788651959924, "token_acc": 1.0, "token_p": 1.0, "token_r": 1.0, "token_f": 1.0, "cats_score": 0.9532178344347164, "cats_score_desc": "macro F", "cats_micro_p": 0.9633620689655172, "cats_micro_r": 0.9430379746835443, "cats_micro_f": 0.9530916844349681, "cats_macro_p": 0.9642393630081729, "cats_macro_r": 0.9426473526473527, "cats_macro_f": 0.9532178344347164, "cats_macro_auc": 0.989710260965475, "cats_f_per_type": {"tech": {"p": 0.9423076923076923, "r": 0.9423076923076923, "f": 0.9423076923076923}, "sport": {"p": 0.9852941176470589, "r": 0.9370629370629371, "f": 0.960573476702509}, "entertainment": {"p": 0.9651162790697675, "r": 0.9485714285714286, "f": 0.956772334293948}}, "cats_auc_per_type": {"tech": 0.9822407676181262, "sport": 0.9965985675955464, "entertainment": 0.990291447682752}, "speed": 29044.118421394498, "_wandb": {"runtime": 384}}