{"score": 0.9776850305487431, "_runtime": 506, "_timestamp": 1631197705, "_step": 56, "loss_tok2vec": 0.0, "loss_textcat": 2.012460170494719, "token_acc": 1.0, "token_p": 1.0, "token_r": 1.0, "token_f": 1.0, "cats_score": 0.9776850305487431, "cats_score_desc": "macro F", "cats_micro_p": 0.9846153846153847, "cats_micro_r": 0.9713322091062394, "cats_micro_f": 0.9779286926994908, "cats_macro_p": 0.9858429876709467, "cats_macro_r": 0.9697894438280749, "cats_macro_f": 0.9776850305487431, "cats_macro_auc": 0.9977960424588656, "cats_f_per_type": {"tech": {"p": 0.9872122762148338, "r": 0.9698492462311558, "f": 0.9784537389100126}, "sport": {"p": 0.9933774834437086, "r": 0.9584664536741214, "f": 0.975609756097561}, "entertainment": {"p": 0.9769392033542977, "r": 0.9810526315789474, "f": 0.9789915966386555}}, "cats_auc_per_type": {"tech": 0.9974045353671914, "sport": 0.9978993518731999, "entertainment": 0.9980842401362056}, "speed": 29774.39459122211, "_wandb": {"runtime": 505}}