{"score": 0.9668272070703464, "_runtime": 1193, "_timestamp": 1631183511, "_step": 77, "loss_tok2vec": 0.0, "loss_textcat": 2.597131489114817, "token_acc": 1.0, "token_p": 1.0, "token_r": 1.0, "token_f": 1.0, "cats_score": 0.9668272070703464, "cats_score_desc": "macro F", "cats_micro_p": 0.9735269000853971, "cats_micro_r": 0.9612141652613828, "cats_micro_f": 0.9673313534153586, "cats_macro_p": 0.9726762907231535, "cats_macro_r": 0.9610905115903056, "cats_macro_f": 0.9668272070703464, "cats_macro_auc": 0.9940891130423326, "cats_f_per_type": {"tech": {"p": 0.9640102827763496, "r": 0.9640102827763496, "f": 0.9640102827763496}, "sport": {"p": 0.9709677419354839, "r": 0.9585987261146497, "f": 0.9647435897435896}, "entertainment": {"p": 0.9830508474576272, "r": 0.9606625258799172, "f": 0.9717277486910996}}, "cats_auc_per_type": {"tech": 0.9928330210009902, "sport": 0.996059282416876, "entertainment": 0.9933750357091318}, "speed": 27344.028253452205, "_wandb": {"runtime": 1192}}