{"score": 0.9488433572297842, "_runtime": 230, "_timestamp": 1631179592, "_step": 44, "loss_tok2vec": 0.0, "loss_textcat": 0.03082846200276232, "token_acc": 1.0, "token_p": 1.0, "token_r": 1.0, "token_f": 1.0, "cats_score": 0.9488433572297842, "cats_score_desc": "macro F", "cats_micro_p": 0.9649890590809628, "cats_micro_r": 0.930379746835443, "cats_micro_f": 0.9473684210526315, "cats_macro_p": 0.9691641952511517, "cats_macro_r": 0.9302872125533423, "cats_macro_f": 0.9488433572297842, "cats_macro_auc": 0.9937258340062952, "cats_f_per_type": {"tech": {"p": 0.9813664596273292, "r": 0.9028571428571428, "f": 0.9404761904761904}, "sport": {"p": 0.990990990990991, "r": 0.9322033898305084, "f": 0.9606986899563319}, "entertainment": {"p": 0.9351351351351351, "r": 0.9558011049723757, "f": 0.9453551912568307}}, "cats_auc_per_type": {"tech": 0.9940563784042045, "sport": 0.9966434964768616, "entertainment": 0.9904776271378198}, "speed": 29919.291766798226, "_wandb": {"runtime": 229}}