{"score": 0.9663377919254067, "_runtime": 592, "_timestamp": 1631195254, "_step": 68, "loss_tok2vec": 0.0, "loss_textcat": 2.0836089797796267, "token_acc": 1.0, "token_p": 1.0, "token_r": 1.0, "token_f": 1.0, "cats_score": 0.9663377919254067, "cats_score_desc": "macro F", "cats_micro_p": 0.9809027777777778, "cats_micro_r": 0.9527824620573356, "cats_micro_f": 0.9666381522668949, "cats_macro_p": 0.9808995374940713, "cats_macro_r": 0.9522161212368546, "cats_macro_f": 0.9663377919254067, "cats_macro_auc": 0.9975067418367122, "cats_f_per_type": {"tech": {"p": 0.9838274932614556, "r": 0.9505208333333334, "f": 0.9668874172185431}, "sport": {"p": 0.9789156626506024, "r": 0.9475218658892128, "f": 0.962962962962963}, "entertainment": {"p": 0.9799554565701559, "r": 0.9586056644880174, "f": 0.9691629955947137}}, "cats_auc_per_type": {"tech": 0.9971555486284289, "sport": 0.9986131717557384, "entertainment": 0.996751505125969}, "speed": 27065.325861371042, "_wandb": {"runtime": 591}}