{"score": 0.9722932215716713, "_runtime": 3377, "_timestamp": 1631187498, "_step": 125, "loss_tok2vec": 0.0, "loss_textcat": 4.28864829426356, "token_acc": 1.0, "token_p": 1.0, "token_r": 1.0, "token_f": 1.0, "cats_score": 0.9722932215716713, "cats_score_desc": "macro F", "cats_micro_p": 0.975796178343949, "cats_micro_r": 0.9692113032475749, "cats_micro_f": 0.9724925941599661, "cats_macro_p": 0.9763162507389036, "cats_macro_r": 0.968611788092992, "cats_macro_f": 0.9722932215716713, "cats_macro_auc": 0.9949402576678784, "cats_f_per_type": {"tech": {"p": 0.988, "r": 0.946360153256705, "f": 0.9667318982387476}, "sport": {"p": 0.9725609756097561, "r": 0.9755351681957186, "f": 0.9740458015267176}, "entertainment": {"p": 0.9683877766069547, "r": 0.9839400428265525, "f": 0.9761019649495486}}, "cats_auc_per_type": {"tech": 0.9919897314147292, "sport": 0.995110952001838, "entertainment": 0.9977200895870679}, "speed": 25261.121429393945, "_wandb": {"runtime": 3379}}