{"score": 0.9833445036657139, "_runtime": 1389, "_timestamp": 1631199478, "_step": 101, "loss_tok2vec": 0.0, "loss_textcat": 4.006876068162212, "token_acc": 1.0, "token_p": 1.0, "token_r": 1.0, "token_f": 1.0, "cats_score": 0.9833445036657139, "cats_score_desc": "macro F", "cats_micro_p": 0.9868309260832625, "cats_micro_r": 0.9797553774778575, "cats_micro_f": 0.9832804232804233, "cats_macro_p": 0.9874068331910094, "cats_macro_r": 0.9793385857543041, "cats_macro_f": 0.9833445036657139, "cats_macro_auc": 0.996835203043783, "cats_f_per_type": {"tech": {"p": 0.9870967741935484, "r": 0.9770114942528736, "f": 0.982028241335045}, "sport": {"p": 0.9922360248447205, "r": 0.9770642201834863, "f": 0.9845916795069338}, "entertainment": {"p": 0.9828877005347594, "r": 0.9839400428265525, "f": 0.9834135901551632}}, "cats_auc_per_type": {"tech": 0.9954616520455138, "sport": 0.9980897981865106, "entertainment": 0.9969541588993248}, "speed": 28920.350261190073, "_wandb": {"runtime": 1388}}