{"score": 0.9770813372702946, "_runtime": 1175, "_timestamp": 1631196813, "_step": 89, "loss_tok2vec": 0.0, "loss_textcat": 2.013662376764068, "token_acc": 1.0, "token_p": 1.0, "token_r": 1.0, "token_f": 1.0, "cats_score": 0.9770813372702946, "cats_score_desc": "macro F", "cats_micro_p": 0.9854014598540146, "cats_micro_r": 0.9691722972972973, "cats_micro_f": 0.9772195018096658, "cats_macro_p": 0.9854859414585596, "cats_macro_r": 0.9688241050390629, "cats_macro_f": 0.9770813372702946, "cats_macro_auc": 0.9987614412575123, "cats_f_per_type": {"tech": {"p": 0.9830729166666666, "r": 0.967948717948718, "f": 0.9754521963824289}, "sport": {"p": 0.9875, "r": 0.9663608562691132, "f": 0.9768160741885626}, "entertainment": {"p": 0.9858849077090119, "r": 0.9721627408993576, "f": 0.9789757412398922}}, "cats_auc_per_type": {"tech": 0.9987930310663309, "sport": 0.9991801640742367, "entertainment": 0.9983111286319694}, "speed": 27723.58393702213, "_wandb": {"runtime": 1174}}